day_number,week,day_in_week,question_count,questions,wrong_first_attempt_questions,wrong_daily_practice_questions
1,1,1,0,"","",""
2,1,2,6,"L1Q1; L1Q2; L1Q3; L1Q4; L1Q5; L1Q6","",""
3,1,3,4,"L1Q7; L1Q8; L1Q9; L1Q10","",""
4,1,4,3,"L1Q11; L1Q12; L1Q13","",""
5,1,5,0,"","",""
6,1,6,3,"L1Q14; L1Q15; L1Q1","",""
7,1,7,3,"L1Q2; L1Q3; L1Q4","",""
8,2,1,0,"","",""
9,2,2,8,"L1Q5; L2Q1; L1Q6; L2Q2; L1Q7; L2Q3; L1Q8; L1Q9","",""
10,2,3,5,"L2Q4; L1Q10; L2Q5; L2Q6; L2Q7","",""
11,2,4,4,"L2Q8; L1Q11; L2Q9; L2Q10","",""
12,2,5,3,"L2Q11; L2Q12; L2Q13","",""
13,2,6,3,"L2Q14; L1Q12; L2Q15","",""
14,2,7,3,"L2Q1; L1Q13; L2Q2","",""
15,3,1,3,"L1Q14; L2Q3; L1Q15","",""
16,3,2,8,"L2Q4; L3Q1; L2Q5; L3Q2; L2Q6; L3Q3; L2Q7; L3Q4","",""
17,3,3,4,"L3Q5; L3Q6; L3Q7; L3Q8","",""
18,3,4,4,"L3Q9; L1Q1; L3Q10; L3Q11","",""
19,3,5,3,"L3Q12; L3Q13; L3Q14","",""
20,3,6,6,"L2Q8; L1Q2; L2Q9; L3Q15; L2Q10; L1Q3","",""
21,3,7,3,"L2Q11; L1Q4; L2Q12","",""
22,4,1,3,"L3Q1; L2Q13; L3Q2","",""
23,4,2,9,"L3Q3; L4Q1; L3Q4; L2Q14; L3Q5; L4Q2; L2Q15; L4Q3; L3Q6","",""
24,4,3,6,"L4Q4; L3Q7; L4Q5; L3Q8; L4Q6; L4Q7","",""
25,4,4,5,"L4Q8; L1Q5; L4Q9; L1Q6; L4Q10","",""
26,4,5,4,"L4Q11; L3Q9; L4Q12; L4Q13","",""
27,4,6,6,"L4Q14; L3Q10; L1Q7; L4Q15; L3Q11; L1Q8","",""
28,4,7,4,"L2Q1; L1Q9; L2Q2; L3Q12","",""
29,5,1,3,"L3Q13; L4Q1; L3Q14","",""
30,5,2,10,"L4Q2; L5Q1; L4Q3; L5Q2; L4Q4; L1Q10; L3Q15; L2Q3; L5Q3; L4Q5","",""
31,5,3,6,"L5Q4; L4Q6; L5Q5; L4Q7; L5Q6; L1Q11","",""
32,5,4,5,"L5Q7; L4Q8; L5Q8; L4Q9; L5Q9","",""
33,5,5,4,"L5Q10; L4Q10; L5Q11; L5Q12","",""
34,5,6,5,"L5Q13; L2Q4; L5Q14; L2Q5; L5Q15","",""
35,5,7,3,"L2Q6; L4Q11; L2Q7","",""
36,6,1,3,"L4Q12; L5Q1; L4Q13","",""
37,6,2,10,"L5Q2; L4Q14; L5Q3; L3Q1; L6Q1; L1Q12; L4Q15; L3Q2; L5Q4; L6Q2","",""
38,6,3,6,"L6Q3; L5Q5; L6Q4; L5Q6; L6Q5; L1Q13","",""
39,6,4,6,"L6Q6; L3Q3; L6Q7; L3Q4; L6Q8; L5Q7","",""
40,6,5,5,"L6Q9; L5Q8; L6Q10; L5Q9; L6Q11","",""
41,6,6,5,"L6Q12; L1Q14; L6Q13; L1Q15; L6Q14","",""
42,6,7,4,"L3Q5; L6Q15; L3Q6; L5Q10","",""
43,7,1,5,"L5Q11; L6Q1; L5Q12; L6Q2; L3Q7","",""
44,7,2,10,"L2Q8; L5Q13; L2Q9; L5Q14; L6Q3; L3Q8; L2Q10; L5Q15; L4Q1; L6Q4","",""
45,7,3,7,"L7Q1; L2Q11; L7Q2; L6Q5; L7Q3; L2Q12; L7Q4","",""
46,7,4,6,"L7Q5; L4Q2; L7Q6; L4Q3; L7Q7; L6Q6","",""
47,7,5,6,"L7Q8; L6Q7; L7Q9; L6Q8; L7Q10; L2Q13","",""
48,7,6,4,"L7Q11; L3Q9; L7Q12; L7Q13","",""
49,7,7,4,"L7Q14; L4Q4; L7Q15; L4Q5","",""
50,8,1,5,"L6Q9; L2Q14; L6Q10; L2Q15; L6Q11","",""
51,8,2,10,"L6Q12; L4Q6; L3Q10; L6Q13; L4Q7; L1Q1; L3Q11; L6Q14; L5Q1; L7Q1","",""
52,8,3,9,"L7Q2; L8Q1; L7Q3; L8Q2; L4Q8; L7Q4; L8Q3; L3Q12; L4Q9","",""
53,8,4,7,"L8Q4; L5Q2; L8Q5; L6Q15; L8Q6; L5Q3; L7Q5","",""
54,8,5,6,"L8Q7; L7Q6; L8Q8; L7Q7; L8Q9; L3Q13","",""
55,8,6,6,"L8Q10; L3Q14; L8Q11; L4Q10; L8Q12; L5Q4","",""
56,8,7,4,"L8Q13; L1Q2; L8Q14; L8Q15","",""
57,9,1,4,"L7Q8; L1Q3; L7Q9; L7Q10","",""
58,9,2,10,"L7Q11; L5Q5; L7Q12; L6Q1; L3Q15; L5Q6; L1Q4; L7Q13; L6Q2; L8Q1","",""
59,9,3,8,"L9Q1; L8Q2; L9Q2; L8Q3; L9Q3; L4Q11; L5Q7; L7Q14","",""
60,9,4,6,"L9Q4; L8Q4; L9Q5; L7Q15; L9Q6; L8Q5","",""
61,9,5,6,"L9Q7; L4Q12; L9Q8; L8Q6; L9Q9; L4Q13","",""
62,9,6,5,"L9Q10; L5Q8; L9Q11; L5Q9; L9Q12","",""
63,9,7,4,"L9Q13; L6Q3; L9Q14; L9Q15","",""
64,10,1,5,"L8Q7; L6Q4; L8Q8; L4Q14; L8Q9","",""
65,10,2,10,"L8Q10; L9Q1; L2Q1; L8Q11; L9Q2; L4Q15; L6Q5; L2Q2; L8Q12; L9Q3","",""
66,10,3,9,"L10Q1; L1Q5; L10Q2; L8Q13; L10Q3; L1Q6; L5Q10; L6Q6; L8Q14","",""
67,10,4,6,"L10Q4; L9Q4; L10Q5; L8Q15; L10Q6; L9Q5","",""
68,10,5,6,"L10Q7; L5Q11; L10Q8; L9Q6; L10Q9; L5Q12","",""
69,10,6,5,"L10Q10; L6Q7; L10Q11; L6Q8; L10Q12","",""
70,10,7,6,"L10Q13; L7Q1; L10Q14; L2Q3; L10Q15; L9Q7","",""
71,11,1,4,"L9Q8; L5Q13; L9Q9; L5Q14","",""
72,11,2,10,"L7Q2; L9Q10; L7Q3; L9Q11; L1Q7; L5Q15; L7Q4; L9Q12; L1Q8; L10Q1","",""
73,11,3,8,"L11Q1; L10Q2; L11Q2; L9Q13; L10Q3; L11Q3; L7Q5; L9Q14","",""
74,11,4,7,"L11Q4; L10Q4; L11Q5; L9Q15; L11Q6; L1Q9; L10Q5","",""
75,11,5,6,"L11Q7; L6Q9; L11Q8; L10Q6; L11Q9; L6Q10","",""
76,11,6,6,"L11Q10; L7Q6; L11Q11; L6Q11; L11Q12; L7Q7","",""
77,11,7,6,"L11Q13; L3Q1; L11Q14; L8Q1; L11Q15; L3Q2","",""
78,12,1,4,"L10Q7; L6Q12; L10Q8; L10Q9","",""
79,12,2,10,"L10Q10; L6Q13; L8Q2; L10Q11; L2Q4; L6Q14; L8Q3; L10Q12; L1Q10; L2Q5","",""
80,12,3,10,"L11Q1; L12Q1; L11Q2; L12Q2; L3Q3; L8Q4; L11Q3; L12Q3; L3Q4; L8Q5","",""
81,12,4,8,"L12Q4; L10Q13; L12Q5; L10Q14; L12Q6; L10Q15; L1Q11; L2Q6","",""
82,12,5,8,"L12Q7; L11Q4; L12Q8; L11Q5; L12Q9; L2Q7; L11Q6; L6Q15","",""
83,12,6,7,"L12Q10; L7Q8; L12Q11; L7Q9; L12Q12; L7Q10; L8Q6","",""
84,12,7,5,"L12Q13; L9Q1; L12Q14; L9Q2; L12Q15","",""
85,13,1,4,"L11Q7; L9Q3; L4Q1; L11Q8","",""
86,13,2,4,"L7Q11; L11Q9; L7Q12; L7Q13","",""
87,13,3,6,"L11Q10; L12Q1; L11Q11; L7Q14; L11Q12; L12Q2","",""
88,13,4,5,"L4Q2; L9Q4; L12Q3; L4Q3; L9Q5","",""
89,13,5,6,"L11Q13; L3Q5; L11Q14; L3Q6; L11Q15; L12Q4","",""
90,13,6,5,"L12Q5; L8Q7; L12Q6; L7Q15; L8Q8","",""
91,13,7,5,"L8Q9; L9Q6; L10Q1; L5Q1; L12Q7","",""
92,14,1,4,"L12Q8; L3Q7; L12Q9; L8Q10","",""
93,14,2,4,"L8Q11; L10Q2; L8Q12; L10Q3","",""
94,14,3,6,"L12Q10; L8Q13; L12Q11; L3Q8; L12Q12; L8Q14","",""
95,14,4,4,"L5Q2; L9Q7; L5Q3; L10Q4","",""
96,14,5,4,"L12Q13; L10Q5; L12Q14; L12Q15","",""
97,14,6,4,"L4Q4; L1Q12; L4Q5; L8Q15","",""
98,14,7,5,"L9Q8; L6Q1; L9Q9; L10Q6; L6Q2","",""
99,15,1,3,"L9Q10; L1Q13; L9Q11","",""
100,15,2,4,"L11Q1; L9Q12; L11Q2; L11Q3","",""
101,15,3,3,"L4Q6; L5Q4; L4Q7","",""
102,15,4,3,"L9Q13; L2Q8; L9Q14","",""
103,15,5,5,"L2Q9; L4Q8; L2Q10; L3Q9; L4Q9","",""
104,15,6,4,"L10Q7; L9Q15; L10Q8; L10Q9","",""
105,15,7,5,"L11Q4; L1Q14; L11Q5; L1Q15; L11Q6","",""
106,16,1,3,"L2Q11; L10Q10; L2Q12","",""
107,16,2,3,"L10Q11; L12Q1; L10Q12","",""
108,16,3,3,"L5Q5; L12Q2; L5Q6","",""
109,16,4,3,"L12Q3; L2Q13; L3Q10","",""
110,16,5,4,"L3Q11; L4Q10; L5Q7; L6Q3","",""
111,16,6,3,"L10Q13; L10Q14; L10Q15","",""
112,16,7,3,"L11Q7; L12Q4; L11Q8","",""
